ampl_rec,amplitude,cstart,cstop,duration_d,ed_inj,ed_rec,ed_rec_err,istart,istop,peak_time,total_n_valid_data_points,tstart,tstop
,0.43420142344678386,,,0.02089147305361699,876.0990642576438,,,,,2987.6802167465357,,,
,0.13759315314882695,,,0.00030313485343127225,1.6993427591193343e-14,,,,,3043.421825818205,,,
,0.18300166370409837,,,0.022298871758384065,312.6861364265758,,,,,3065.58347059132,,,
,0.3244520927218416,,,0.010502348166685799,606.151518647294,,,,,3068.102384899795,,,
0.1134237297954046,0.3642099424612224,140900,140909,0.023140881828244676,519.3669313447034,520.1734955160705,0.33952605151329496,20,29,2988.036785559478,3643.0,2988.030577640493,2988.214467001977
0.024423754566947897,0.031195092859851555,141683,141694,0.032323228501898234,90.63726964597716,90.85686840080442,0.3068702684973365,752,763,3004.030670596464,3643.0,3004.028812588287,3004.2535624877855
0.05355582066406894,0.1742745902257333,144797,144807,0.02277233282694869,245.60064933137502,243.34884178078713,0.33878875440028783,3619,3629,3067.659249192136,3643.0,3067.6530484941177,3067.8573678067987
,0.31991272078630745,,,0.02141150737058345,66.50733265239137,,,,,3065.943104047554,,,
