ampl_rec,amplitude,cstart,cstop,duration_d,ed_inj,ed_rec,ed_rec_err,istart,istop,peak_time,total_n_valid_data_points,tstart,tstop
0.12390775365367257,0.33157548058761643,141905,141916,0.0274221372936215,722.6697272858243,714.0814869839332,0.4521807553444675,961,971,3008.571592622263,3643.0,3008.5646669799607,3008.7894160980795
0.08919720923747532,0.42190351402007176,144767,144776,0.01591104336713975,339.569548781785,339.3598067366472,0.3037841753923169,3591,3599,3067.04539185962,3643.0,3067.0400908858865,3067.2239781722674
,0.38184784760398655,,,0.032134773618133466,1181.8072166233358,,,,,2987.621224185906,,,
,0.14142112471277815,,,0.015611601569081852,73.18405470401022,,,,,3064.9968906199224,,,
