ampl_rec,amplitude,cstart,cstop,duration_d,ed_inj,ed_rec,ed_rec_err,istart,istop,peak_time,total_n_valid_data_points,tstart,tstop
0.060377464173113626,0.07131095789028015,140880,140891,0.030254928264536986,206.18021442672634,205.35193423813394,0.28938644462753604,2,12,2987.6231249203265,3643.0,2987.6219343639896,2987.8466882370994
,0.2760078598144232,,,0.027860669584299478,689.2655780724455,,,,,2992.27764674983,,,
,0.1975103507901687,,,0.01558680350131165,272.2107926833367,,,,,3065.64608783902,,,
,0.4106120919546858,,,0.00901854962853865,135.97242701063274,,,,,3067.823248330386,,,
