ampl_rec,amplitude,cstart,cstop,duration_d,ed_inj,ed_rec,ed_rec_err,istart,istop,peak_time,total_n_valid_data_points,tstart,tstop
0.10764646987789961,0.16941839003898987,104586,104594,0.02865894998565295,422.2364526532749,444.76057398627114,6.8569814549805,809,816,2246.006719614745,3282.0,2246.0040095160657,2246.16746460618
,0.2406808655844899,,,0.0024877616801033888,5.928306970737129,,,,,2286.1996779284796,,,
,0.4905236947934785,,,0.012882302956651753,333.2829801556165,,,,,2288.9408983914677,,,
,0.0852650770160623,,,0.012761733502135221,45.299763347237175,,,,,2292.1036913695525,,,
0.06582288292796501,0.19295346323261928,106694,106699,0.025938576968835607,314.21578870774835,315.0668304130612,6.928962233457835,2805,2810,2289.0798264868063,3282.0,2289.0739014756546,2289.176059489517
,0.23850049856359223,,,0.01022028631281356,105.70928892387377,,,,,2273.6106446759177,,,
,0.07690424873787696,,,0.023384408285627913,128.86141199167912,,,,,2285.7971662226355,,,
,0.08543179042457838,,,0.008393170270955201,38.14580359493012,,,,,2295.390245796906,,,
