ampl_rec,amplitude,cstart,cstop,duration_d,ed_inj,ed_rec,ed_rec_err,istart,istop,peak_time,total_n_valid_data_points,tstart,tstop
,0.1091050361023167,,,0.0021512795493532667,0.02244549993127524,,,,,2988.000168532415,,,
,0.12495185105898976,,,0.010288906765314257,75.96397769979917,,,,,3055.3843612995843,,,
,0.07235193886085785,,,0.01684457976377906,75.00365174349741,,,,,3065.375960657679,,,
,0.021168077147559746,,,0.004932499289708198,5.382963933227698,,,,,3067.7269838796597,,,
