ampl_rec,amplitude,cstart,cstop,duration_d,ed_inj,ed_rec,ed_rec_err,istart,istop,peak_time,total_n_valid_data_points,tstart,tstop
0.0068794295401191086,0.1508975470589169,140906,140909,0.005370104607811454,20.674198890689887,21.09931783634991,0.24240263755722155,26,29,2988.1552930378434,3643.0,2988.1531705526504,2988.214467001977
,0.17550408025300668,,,0.021023185150123285,296.52084956270267,,,,,3059.4545884858053,,,
,0.2543661965345063,,,0.01943732151432383,455.996915606336,,,,,3065.626598371095,,,
,0.1842452199589984,,,0.025811305004617452,509.85036032175435,,,,,3067.386697723547,,,
