ampl_rec,amplitude,cstart,cstop,duration_d,ed_inj,ed_rec,ed_rec_err,istart,istop,peak_time,total_n_valid_data_points,tstart,tstop
0.16573894384369092,0.3906638545195467,140891,140909,0.031440931892168955,850.7088269626714,851.620326924404,0.37194720650415297,12,29,2987.8541258793157,3643.0,2987.8466882370994,2988.214467001977
0.10643903334208549,0.2804828291983864,142655,142676,0.027282858533201275,497.58360029869414,526.8735110004667,0.37342032312659396,1670,1690,3023.8957299119356,3643.0,3023.888408617502,3024.3174720820243
,0.14745991834691907,,,0.007008717805629095,149.0563512322792,,,,,3064.933373188722,,,
,0.03587041870112348,,,0.005666439533473455,4.277217850443281,,,,,3068.107686524922,,,
0.14652122775045728,0.4920714732346774,140904,140909,0.018789081531857568,456.89238606096353,457.3879029096359,0.26249938795222977,24,29,2988.1205683290204,3643.0,2988.112306350922,2988.214467001977
,0.4024904330721041,,,0.022220939734966017,574.3622654046582,,,,,3050.3384223134553,,,
,0.4851094831683977,,,0.0019226255008898301,64.23528198334475,,,,,3065.0329240220626,,,
,0.030784604409809496,,,0.027056060352287848,66.84041412216472,,,,,3066.361058093259,,,
