ampl_rec,amplitude,cstart,cstop,duration_d,ed_inj,ed_rec,ed_rec_err,istart,istop,peak_time,total_n_valid_data_points,tstart,tstop
,0.10424723990423108,,,0.02723583722047217,304.4504639403514,,,,,2987.968278728978,,,
,0.1909295697456175,,,0.004220459630429528,11.507725256931092,,,,,3009.732622566843,,,
,0.10540030968403803,,,0.026141933344754256,198.98446080986758,,,,,3065.8080003522055,,,
,0.04742978568540419,,,0.0030925776307774958,3.4690769807062845,,,,,3067.7644432533825,,,
