Campaign,EPIC,ampl_rec,cstart,cstop,ed_rec,ed_rec_err,istart,istop,total_obs_time,tstart,tstop
4,210942999,0.01,10551,10557,17.716640634897118,1.0,1551,1557,1640.5,2237.055,2237.18
4,210942999,0.1,10560,10565,10.265889679925545,12.0,1560,1565,1642.5,2237.054,2237.1581666666666
16,210942999,0.03,12550,12554,22.178496842596704,0.5,1550,1554,1635.5,2237.053,2237.1363333333334
4,210942997,0.05,10570,10585,17.695578128062223,2.4,1570,1585,1635.5,2237.022,2237.3345
